{"cameraMode":{"drawMode":0,"name":"Shaded","section":"Shading Mode"},"sceneLighting":false,"audioPlay":false,"sceneViewState":{"m_AlwaysRefresh":false,"showFog":true,"showSkybox":true,"showFlares":true,"showImageEffects":true,"showParticleSystems":true,"showVisualEffectGraphs":true,"m_FxEnabled":true},"in2DMode":false,"pivot":{"x":-10.37680435180664,"y":23.608259201049806,"z":4.297052383422852},"rotation":{"x":-0.27595123648643496,"y":-0.06880441308021546,"z":0.01990438997745514,"w":-0.9585626125335693},"size":16.208688735961915,"orthographic":false}