{"cameraMode":{"drawMode":0,"name":"Shaded","section":"Shading Mode"},"sceneLighting":false,"audioPlay":false,"sceneViewState":{"m_AlwaysRefresh":false,"showFog":true,"showSkybox":false,"showFlares":true,"showImageEffects":true,"showParticleSystems":true,"showVisualEffectGraphs":true,"m_FxEnabled":true},"in2DMode":false,"pivot":{"x":1.4912152290344239,"y":1.8531770706176758,"z":0.6876339912414551},"rotation":{"x":-0.27617233991622927,"y":-0.2880423963069916,"z":0.08720964938402176,"w":-0.9128281474113464},"size":4.506186008453369,"orthographic":false}